<?xml version="1.0" encoding="UTF-8"?>
<project-private xmlns="http://www.netbeans.org/ns/project-private/1">
    <editor-bookmarks xmlns="http://www.netbeans.org/ns/editor-bookmarks/2" lastBookmarkId="0"/>
    <open-files xmlns="http://www.netbeans.org/ns/projectui-open-files/2">
        <group>
            <file>file:/E:/Funix/Design-Camp-FVi09-Dec-2017/PRO192xA3%20-%20Skeleton/src/pro192xa3/entity/Staff.java</file>
            <file>file:/E:/Funix/Design-Camp-FVi09-Dec-2017/PRO192xA3%20-%20Skeleton/src/pro192xa3/entity/EPosition.java</file>
            <file>file:/E:/Funix/Design-Camp-FVi09-Dec-2017/PRO192xA3%20-%20Skeleton/src/pro192xa3/ui/PRO192xA3.java</file>
            <file>file:/E:/Funix/Design-Camp-FVi09-Dec-2017/PRO192xA3%20-%20Skeleton/src/pro192xa3/business/AllowanceCalulator.java</file>
            <file>file:/E:/Funix/Design-Camp-FVi09-Dec-2017/PRO192xA3%20-%20Skeleton/src/pro192xa3/business/EmployeeManagement.java</file>
            <file>file:/E:/Funix/Design-Camp-FVi09-Dec-2017/PRO192xA3%20-%20Skeleton/src/pro192xa3/entity/Employee.java</file>
            <file>file:/E:/Funix/Design-Camp-FVi09-Dec-2017/PRO192xA3%20-%20Skeleton/src/pro192xa3/entity/Teacher.java</file>
            <file>file:/E:/Funix/Design-Camp-FVi09-Dec-2017/PRO192xA3%20-%20Skeleton/src/pro192xa3/entity/EDegree.java</file>
        </group>
    </open-files>
</project-private>
