<?xml version="1.0" encoding="UTF-8"?>
<project-private xmlns="http://www.netbeans.org/ns/project-private/1">
    <editor-bookmarks xmlns="http://www.netbeans.org/ns/editor-bookmarks/2" lastBookmarkId="0"/>
    <open-files xmlns="http://www.netbeans.org/ns/projectui-open-files/2">
        <group>
            <file>file:/E:/Funix/Design-Camp-FVi09-Dec-2017/PRO192x-A2-Solution/src/entity/Bee.java</file>
            <file>file:/E:/Funix/Design-Camp-FVi09-Dec-2017/PRO192x-A2-Solution/src/ui/PRO192xA2Solution.java</file>
            <file>file:/E:/Funix/Design-Camp-FVi09-Dec-2017/PRO192x-A2-Solution/src/entity/QueenBee.java</file>
            <file>file:/E:/Funix/Design-Camp-FVi09-Dec-2017/PRO192x-A2-Solution/src/business/BeeHive.java</file>
            <file>file:/E:/Funix/Design-Camp-FVi09-Dec-2017/PRO192x-A2-Solution/src/entity/WorkerBee.java</file>
            <file>file:/E:/Funix/Design-Camp-FVi09-Dec-2017/PRO192x-A2-Solution/src/entity/Drone.java</file>
        </group>
    </open-files>
</project-private>
